-- Dummy data for testing

USE bank_system;

-- Dummy data for table 'bank'
INSERT INTO bank (code, name, address) VALUES
(1, 'Bank of America', '123 Main Street'),
(2, 'Chase Bank', '456 Elm Street'),
(3, 'Wells Fargo', '789 Oak Avenue');

-- Dummy data for table 'branch'
INSERT INTO branch (swift_code, name, address, code) VALUES
(101, 'Downtown Branch', '789 Broadway', 1),
(102, 'Uptown Branch', '321 Oak Street', 1),
(103, 'Central Branch', '456 Maple Avenue', 1),
(104, 'Westside Branch', '987 Elm Street', 2),
(105, 'Eastside Branch', '654 Pine Street', 2),
(106, 'Northside Branch', '321 Elm Avenue', 3),
(107, 'Southside Branch', '789 Oak Street', 3);

-- Dummy data for table 'customer'
INSERT INTO customer (cust_id, name, phone, address) VALUES
(1, 'John Doe', '555-1234', '123 Pine Street'),
(2, 'Jane Smith', '555-5678', '456 Maple Street'),
(3, 'Alice Johnson', '555-7890', '789 Oak Avenue'),
(4, 'Bob Williams', '555-4321', '987 Elm Street'),
(5, 'Michael Brown', '555-5555', '567 Elm Street'),
(6, 'Emily Jones', '555-6666', '789 Pine Street'),
(7, 'William Davis', '555-7777', '234 Oak Avenue'),
(8, 'Olivia Taylor', '555-8888', '345 Maple Street'),
(9, 'Ethan Wilson', '555-9999', '678 Elm Avenue'),
(10, 'Sophia Martinez', '555-1111', '890 Pine Street'),
(11, 'James Anderson', '555-2222', '901 Oak Avenue'),
(12, 'Ava Jackson', '555-3333', '123 Maple Avenue'),
(13, 'Alexander Thomas', '555-4444', '456 Elm Avenue'),
(14, 'Mia White', '555-5555', '789 Pine Street'),
(15, 'Benjamin Harris', '555-6666', '987 Oak Street'),
(16, 'Charlotte Martin', '555-7777', '654 Maple Avenue'),
(17, 'Henry Thompson', '555-8888', '321 Elm Street'),
(18, 'Amelia Garcia', '555-9999', '789 Pine Avenue'),
(19, 'Daniel Martinez', '555-1111', '345 Oak Street'),
(20, 'Sophia Lopez', '555-2222', '678 Maple Avenue'),
(21, 'William Young', '555-3333', '890 Elm Street'),
(22, 'Sophia Adams', '555-4444', '123 Pine Avenue'),
(23, 'Lucas Hernandez', '555-5555', '456 Oak Street'),
(24, 'Mia Nelson', '555-6666', '789 Maple Avenue'),
(25, 'Ethan Smith', '555-7777', '987 Elm Street'),
(26, 'Isabella Robinson', '555-8888', '654 Pine Avenue'),
(27, 'Jacob Wood', '555-9999', '321 Oak Street'),
(28, 'Emma Scott', '555-1111', '789 Maple Street'),
(29, 'Michael Green', '555-2222', '890 Elm Avenue'),
(30, 'Olivia Wright', '555-3333', '901 Pine Street');

-- Dummy data for table 'account'
INSERT INTO account (account_num, balance, account_type, swift_code, cust_id) VALUES
(1001, 5000.00, 'Savings', 101, 1),
(1002, 7500.00, 'Checking', 102, 1),
(1003, 3000.00, 'Savings', 103, 1),
(1004, 6000.00, 'Checking', 104, 2),
(1005, 2000.00, 'Savings', 105, 2),
(1006, 4000.00, 'Checking', 106, 3),
(1007, 8000.00, 'Savings', 107, 3),
(1008, 3500.00, 'Checking', 101, 4),
(1009, 5500.00, 'Savings', 102, 4),
(1010, 6500.00, 'Checking', 103, 4),
(1011, 4000.00, 'Savings', 104, 5),
(1012, 2000.00, 'Checking', 105, 5),
(1013, 6000.00, 'Savings', 106, 6),
(1014, 8000.00, 'Checking', 107, 6),
(1015, 3500.00, 'Savings', 101, 7),
(1016, 5500.00, 'Checking', 102, 7),
(1017, 6500.00, 'Savings', 103, 8),
(1018, 4000.00, 'Checking', 104, 8),
(1019, 2000.00, 'Savings', 105, 9),
(1020, 6000.00, 'Checking', 106, 9),
(1021, 8000.00, 'Savings', 107, 10),
(1022, 3500.00, 'Checking', 101, 10),
(1023, 5500.00, 'Savings', 102, 11),
(1024, 6500.00, 'Checking', 103, 11),
(1025, 4000.00, 'Savings', 104, 12),
(1026, 2000.00, 'Checking', 105, 12),
(1027, 6000.00, 'Savings', 106, 13),
(1028, 8000.00, 'Checking', 107, 13),
(1029, 3500.00, 'Savings', 101, 14),
(1030, 5500.00, 'Checking', 102, 14),
(1031, 6500.00, 'Savings', 103, 15),
(1032, 4000.00, 'Checking', 104, 15),
(1033, 2000.00, 'Savings', 105, 16),
(1034, 6000.00, 'Checking', 106, 16),
(1035, 8000.00, 'Savings', 107, 17),
(1036, 3500.00, 'Checking', 101, 17),
(1037, 5500.00, 'Savings', 102, 18),
(1038, 6500.00, 'Checking', 103, 18),
(1039, 4000.00, 'Savings', 104, 19),
(1040, 2000.00, 'Checking', 105, 19),
(1041, 6000.00, 'Savings', 106, 20),
(1042, 8000.00, 'Checking', 107, 20),
(1043, 3500.00, 'Savings', 101, 21),
(1044, 5500.00, 'Checking', 102, 21),
(1045, 6500.00, 'Savings', 103, 22),
(1046, 4000.00, 'Checking', 104, 22),
(1047, 2000.00, 'Savings', 105, 23),
(1048, 6000.00, 'Checking', 106, 23),
(1049, 8000.00, 'Savings', 107, 24),
(1050, 3500.00, 'Checking', 101, 24),
(1051, 5500.00, 'Savings', 102, 25),
(1052, 6500.00, 'Checking', 103, 25),
(1053, 4000.00, 'Savings', 104, 26),
(1054, 2000.00, 'Checking', 105, 26),
(1055, 6000.00, 'Savings', 106, 27),
(1056, 8000.00, 'Checking', 107, 27),
(1057, 3500.00, 'Savings', 101, 28),
(1058, 5500.00, 'Checking', 102, 28),
(1059, 6500.00, 'Savings', 103, 29),
(1060, 4000.00, 'Checking', 104, 29),
(1061, 2000.00, 'Savings', 105, 30),
(1062, 6000.00, 'Checking', 106, 30);

-- Dummy data for table 'loan'
INSERT INTO loan (loan_id, amount, loan_type, swift_code, cust_id) VALUES
(2001, 10000, 'Personal Loan', 101, 1),
(2002, 5000, 'Auto Loan', 102, 1),
(2003, 8000, 'Home Loan', 103, 1),
(2004, 3000, 'Personal Loan', 104, 2),
(2005, 20000, 'Business Loan', 105, 2),
(2006, 7000, 'Student Loan', 106, 2),
(2007, 12000, 'Personal Loan', 107, 3),
(2008, 10000, 'Auto Loan', 101, 3),
(2009, 15000, 'Home Loan', 102, 3),
(2010, 4000, 'Personal Loan', 103, 3),
(2011, 10000, 'Auto Loan', 104, 4),
(2012, 5000, 'Personal Loan', 105, 4),
(2013, 8000, 'Home Loan', 106, 4),
(2014, 3000, 'Personal Loan', 107, 4),
(2015, 10000, 'Personal Loan', 101, 5),
(2016, 5000, 'Auto Loan', 102, 5),
(2017, 8000, 'Home Loan', 103, 5),
(2018, 3000, 'Personal Loan', 104, 6),
(2019, 20000, 'Business Loan', 105, 6),
(2020, 7000, 'Student Loan', 106, 6),
(2021, 12000, 'Personal Loan', 107, 7),
(2022, 10000, 'Auto Loan', 101, 7),
(2023, 15000, 'Home Loan', 102, 7),
(2024, 4000, 'Personal Loan', 103, 7),
(2025, 10000, 'Auto Loan', 104, 8),
(2026, 5000, 'Personal Loan', 105, 8),
(2027, 8000, 'Home Loan', 106, 8),
(2028, 3000, 'Personal Loan', 107, 9),
(2029, 20000, 'Business Loan', 101, 9),
(2030, 7000, 'Student Loan', 102, 9),
(2031, 12000, 'Personal Loan', 103, 10),
(2032, 10000, 'Auto Loan', 104, 10),
(2033, 15000, 'Home Loan', 105, 10),
(2034, 4000, 'Personal Loan', 106, 10),
(2035, 10000, 'Personal Loan', 107, 11),
(2036, 5000, 'Auto Loan', 101, 11),
(2037, 8000, 'Home Loan', 102, 11),
(2038, 3000, 'Personal Loan', 103, 12),
(2039, 20000, 'Business Loan', 104, 12),
(2040, 7000, 'Student Loan', 105, 12),
(2041, 12000, 'Personal Loan', 106, 13),
(2042, 10000, 'Auto Loan', 107, 13),
(2043, 15000, 'Home Loan', 101, 13),
(2044, 4000, 'Personal Loan', 102, 14),
(2045, 10000, 'Auto Loan', 103, 14),
(2046, 5000, 'Personal Loan', 104, 14),
(2047, 8000, 'Home Loan', 105, 15),
(2048, 3000, 'Personal Loan', 106, 15),
(2049, 20000, 'Business Loan', 107, 15),
(2050, 7000, 'Student Loan', 101, 16),
(2051, 12000, 'Personal Loan', 102, 16),
(2052, 10000, 'Auto Loan', 103, 16),
(2053, 15000, 'Home Loan', 104, 17),
(2054, 4000, 'Personal Loan', 105, 17),
(2055, 10000, 'Auto Loan', 106, 17),
(2056, 5000, 'Personal Loan', 107, 18),
(2057, 8000, 'Home Loan', 101, 18),
(2058, 3000, 'Personal Loan', 102, 18),
(2059, 20000, 'Business Loan', 103, 19),
(2060, 7000, 'Student Loan', 104, 19),
(2061, 12000, 'Personal Loan', 105, 19),
(2062, 10000, 'Auto Loan', 106, 20),
(2063, 15000, 'Home Loan', 107, 20),
(2064, 4000, 'Personal Loan', 101, 20),
(2065, 10000, 'Personal Loan', 102, 21),
(2066, 5000, 'Auto Loan', 103, 21),
(2067, 8000, 'Home Loan', 104, 21),
(2068, 3000, 'Personal Loan', 105, 22),
(2069, 20000, 'Business Loan', 106, 22),
(2070, 7000, 'Student Loan', 107, 22),
(2071, 12000, 'Personal Loan', 101, 23),
(2072, 10000, 'Auto Loan', 102, 23),
(2073, 15000, 'Home Loan', 103, 23),
(2074, 4000, 'Personal Loan', 104, 24),
(2075, 10000, 'Auto Loan', 105, 24),
(2076, 5000, 'Personal Loan', 106, 24),
(2077, 8000, 'Home Loan', 107, 25),
(2078, 3000, 'Personal Loan', 101, 25),
(2079, 20000, 'Business Loan', 102, 25),
(2080, 7000, 'Student Loan', 103, 26),
(2081, 12000, 'Personal Loan', 104, 26),
(2082, 10000, 'Auto Loan', 105, 26),
(2083, 15000, 'Home Loan', 106, 27),
(2084, 4000, 'Personal Loan', 107, 27),
(2085, 10000, 'Personal Loan', 101, 28),
(2086, 5000, 'Auto Loan', 102, 28),
(2087, 8000, 'Home Loan', 103, 28),
(2088, 3000, 'Personal Loan', 104, 29),
(2089, 20000, 'Business Loan', 105, 29),
(2090, 7000, 'Student Loan', 106, 29),
(2091, 12000, 'Personal Loan', 107, 30),
(2092, 10000, 'Auto Loan', 101, 30),
(2093, 15000, 'Home Loan', 102, 30),
(2094, 4000, 'Personal Loan', 103, 30);
